{"cameraMode":{"drawMode":0,"name":"Shaded","section":"Shading Mode"},"sceneLighting":true,"audioPlay":false,"sceneViewState":{"showFog":false,"showMaterialUpdate":false,"showSkybox":false,"showFlares":false,"showImageEffects":false,"showParticleSystems":false},"in2DMode":false,"pivot":{"x":-37.46529006958008,"y":61.493255615234378,"z":333.82733154296877},"rotation":{"x":0.08086919784545899,"y":0.029312200844287874,"z":0.002378679346293211,"w":-0.9963107109069824},"size":180.73094177246095,"orthographic":false}