{"cameraMode":{"drawMode":0,"name":"Shaded","section":"Shading Mode"},"sceneLighting":false,"audioPlay":false,"sceneViewState":{"showFog":false,"showMaterialUpdate":false,"showSkybox":false,"showFlares":false,"showImageEffects":false,"showParticleSystems":false},"in2DMode":false,"pivot":{"x":1.819309949874878,"y":2.5752553939819338,"z":18.509204864501954},"rotation":{"x":-0.031504541635513309,"y":-0.000587268965318799,"z":0.00001731264273985289,"w":-0.9995141625404358},"size":0.7084504961967468,"orthographic":false}