{"cameraMode":{"drawMode":0,"name":"Shaded","section":"Shading Mode"},"sceneLighting":true,"audioPlay":false,"sceneViewState":{"showFog":false,"showMaterialUpdate":false,"showSkybox":false,"showFlares":false,"showImageEffects":false,"showParticleSystems":false},"in2DMode":false,"pivot":{"x":-7.363457202911377,"y":-10.779352188110352,"z":13.455565452575684},"rotation":{"x":-0.16034822165966035,"y":-0.06656265258789063,"z":0.0108328303322196,"w":-0.98478764295578},"size":26.599693298339845,"orthographic":false}